{"actor": {"sharlto": {"SP": 1, "DP": 1, "time": 1543119047.9210184}, "brophyjed": {"SP": 1, "DP": 1, "time": 1543119047.9210184}, "cchpounder": {"SP": 1, "DP": 1, "time": 1543119048.1216378}, "joeldavidmoore": {"SP": 1, "DP": 1, "time": 1543119048.1216378}, "robertdowneyjr": {"SP": 1, "DP": 1, "time": 1543119049.0281832}, "tom__hardy_": {"SP": 1, "DP": 1, "time": 1543119049.2473292}, "paulandersen": {"SP": 1, "DP": 1, "time": 1543119049.2483258}, "chrishemsworth": {"SP": 1, "DP": 1, "time": 1543119049.4954112}, "mindykaling": {"SP": 1, "DP": 1, "time": 1543119049.7426856}, "chrisevans": {"SP": 1, "DP": 1, "time": 1543119049.9844022}, "matthewperry": {"SP": 1, "DP": 1, "time": 1543119050.4341397}, "sethmacfarlane": {"SP": 1, "DP": 1, "time": 1543119050.6446075}, "stevecarell": {"SP": 1, "DP": 1, "time": 1543119051.0874016}}, "director": {"neillblomkamp": {"SP": 1, "DP": 1, "time": 1543119047.9210184}, "jimcameron": {"SP": 1, "DP": 1, "time": 1543119048.1236188}}, "genre": {"Action": {"SP": 1, "DP": 1, "time": 1543119048.1246154}, "Sci-Fi": {"SP": 1, "DP": 1, "time": 1543119048.1266093}, "Thriller": {"SP": 1, "DP": 1, "time": 1543119049.2503211}, "Adventure": {"SP": 1, "DP": 1, "time": 1543119048.1246154}, "Fantasy": {"SP": 1, "DP": 1, "time": 1543119048.1266093}, "Biography": {"SP": 1, "DP": 1, "time": 1543119049.2483258}, "Crime": {"SP": 1, "DP": 1, "time": 1543119049.2493238}, "Drama": {"SP": 1, "DP": 1, "time": 1543119049.2493238}, "History": {"SP": 1, "DP": 1, "time": 1543119049.2503211}}}