{"actor": {"harry_styles": {"SP": 1, "DP": 1, "time": 1543119052.244741}, "britneyspears": {"SP": 1, "DP": 1, "time": 1543119052.487919}, "zaynmalik": {"SP": 1, "DP": 1, "time": 1543119053.3654032}, "lena_horne_real": {"SP": 1, "DP": 1, "time": 1543119053.5600855}, "dianaross": {"SP": 1, "DP": 1, "time": 1543119053.5600855}, "brunomars": {"SP": 1, "DP": 1, "time": 1543119053.9929874}, "chrishemsworth": {"SP": 1, "DP": 1, "time": 1543119054.656951}, "jonseda": {"SP": 1, "DP": 1, "time": 1543119054.895457}, "goconstance": {"SP": 1, "DP": 1, "time": 1543119054.895457}}, "director": {"tomholland1996": {"SP": 1, "DP": 1, "time": 1543119052.6951826}, "bysidneylumet": {"SP": 1, "DP": 1, "time": 1543119053.561083}, "joejonas": {"SP": 1, "DP": 1, "time": 1543119054.215144}, "GregNava2": {"SP": 1, "DP": 1, "time": 1543119054.895457}}, "genre": {"Adventure": {"SP": 1, "DP": 1, "time": 1543119053.561083}, "Family": {"SP": 1, "DP": 1, "time": 1543119053.56208}, "Fantasy": {"SP": 1, "DP": 1, "time": 1543119053.56208}, "Music": {"SP": 1, "DP": 1, "time": 1543119054.8984272}, "Musical": {"SP": 1, "DP": 1, "time": 1543119053.5630777}, "Biography": {"SP": 1, "DP": 1, "time": 1543119054.896433}, "Drama": {"SP": 1, "DP": 1, "time": 1543119054.8984272}}}