{"actor": {"peter_dinklage": {"SP": 1, "DP": 1, "time": 1543119046.4371948}, "joshgad": {"SP": 1, "DP": 1, "time": 1543119046.4381578}, "goranvisnjic": {"SP": 1, "DP": 1, "time": 1543119046.4465141}, "stephenroot": {"SP": 1, "DP": 1, "time": 1543119046.4465141}}, "director": {"sj_martino": {"SP": 1, "DP": 1, "time": 1543119046.439151}, "spinchemist": {"SP": 1, "DP": 1, "time": 1543119046.4465141}}, "genre": {"Adventure": {"SP": 1, "DP": 1, "time": 1543119046.4475121}, "Animation": {"SP": 1, "DP": 1, "time": 1543119046.4475121}, "Comedy": {"SP": 1, "DP": 1, "time": 1543119046.4485087}, "Family": {"SP": 1, "DP": 1, "time": 1543119046.4485087}}}